School_ID,Count
918,42
710,38
841,38
705,37
567,35
792,35
733,34
708,34
688,33
528,33
704,32
566,32
742,31
728,31
747,31
744,29
734,29
616,27
764,27
729,27
614,26
782,26
762,26
980,26
693,25
691,25
919,25
785,25
617,24
784,24
587,24
596,24
793,24
798,23
534,23
790,23
694,23
526,22
621,22
530,22
810,22
383,21
573,21
706,21
569,21
719,21
731,20
696,20
783,20
707,20
740,20
726,20
796,20
730,20
541,19
703,19
385,19
720,19
979,18
602,18
605,18
763,18
582,18
884,18
689,18
505,18
745,18
465,17
537,17
581,17
584,17
613,17
612,17
811,17
984,17
725,17
416,17
700,17
542,17
481,17
739,17
527,17
711,16
778,16
611,16
589,16
590,16
690,16
809,16
722,16
701,16
577,15
735,15
812,15
692,15
807,15
575,15
495,15
419,15
791,14
568,14
623,14
620,14
583,14
595,14
777,14
746,14
443,14
565,14
496,14
758,14
397,14
799,14
5265,14
398,14
387,14
750,13
989,13
452,13
606,13
549,13
572,13
384,13
500,13
619,13
484,13
808,13
715,13
551,13
723,13
724,13
456,13
503,13
32875,12
504,12
885,12
990,12
5269,12
449,12
622,12
535,12
599,12
23,12
883,12
753,12
738,12
546,12
5157,11
597,11
737,11
594,11
976,11
570,11
76,11
447,11
517,11
550,11
553,11
422,11
539,11
797,11
471,11
448,11
721,11
538,11
418,10
406,10
760,10
945,10
574,10
508,10
712,10
923,10
999,10
506,10
522,10
411,10
485,10
585,10
492,10
8,10
16630,10
786,10
417,10
494,10
479,10
5246,10
718,10
468,10
17,9
5026,9
930,9
891,9
588,9
978,9
925,9
444,9
5115,9
600,9
969,9
555,9
524,9
15,9
554,9
400,9
488,9
586,9
603,9
977,9
699,9
893,9
543,9
498,9
732,9
5169,9
837,9
717,9
776,9
445,9
532,9
457,9
467,9
450,9
446,9
757,9
486,8
514,8
510,8
946,8
774,8
580,8
525,8
564,8
852,8
395,8
480,8
944,8
6,8
678,8
5,8
482,8
5260,8
559,8
576,8
533,8
698,8
668,8
713,8
36668,8
476,8
386,8
924,8
420,8
909,7
558,7
516,7
839,7
996,7
965,7
943,7
5087,7
4,7
900,7
629,7
618,7
609,7
610,7
557,7
491,7
727,7
531,7
545,7
20,7
898,7
415,7
671,7
950,7
490,7
5234,7
910,7
388,7
489,7
472,7
985,7
743,7
426,7
5027,7
5145,6
888,6
509,6
683,6
881,6
579,6
958,6
957,6
997,6
92,6
412,6
802,6
803,6
547,6
466,6
82,6
986,6
947,6
939,6
882,6
5083,6
936,6
96,6
779,6
18,6
11,6
593,6
399,6
24,6
929,6
460,6
556,6
770,6
886,6
789,6
838,6
515,6
780,6
736,6
5284,6
5094,6
501,6
544,6
451,6
473,6
755,6
714,6
5283,6
741,6
752,6
5282,6
5099,5
948,5
477,5
61,5
681,5
424,5
971,5
972,5
410,5
955,5
992,5
5111,5
851,5
901,5
963,5
949,5
844,5
876,5
592,5
5136,5
981,5
487,5
987,5
994,5
598,5
878,5
10,5
470,5
33,5
493,5
787,5
937,5
941,5
926,5
966,5
5140,5
968,5
16,5
3,5
5131,5
529,5
1,5
912,5
16558,5
666,5
814,5
627,5
836,5
751,5
974,5
973,5
502,5
392,5
474,5
781,5
463,5
917,5
834,5
442,5
754,5
771,5
795,5
716,5
5257,5
316,5
390,5
820,5
389,5
962,4
5053,4
5129,4
5156,4
866,4
499,4
13,4
5278,4
768,4
964,4
607,4
843,4
591,4
695,4
414,4
5104,4
828,4
518,4
903,4
2,4
7,4
97,4
880,4
806,4
407,4
940,4
895,4
991,4
30085,4
846,4
615,4
75,4
5244,4
649,4
421,4
30,4
651,4
667,4
475,4
630,4
865,4
669,4
709,4
507,4
761,4
794,4
464,4
998,4
5259,4
5072,4
391,4
432,4
454,4
458,4
20810,4
512,4
453,4
36597,4
455,4
536,4
5255,4
748,4
749,4
5208,4
1000,4
960,4
36385,4
921,4
36483,4
36443,4
36485,4
36669,4
5163,3
41,3
5100,3
840,3
931,3
5060,3
879,3
578,3
5142,3
902,3
823,3
819,3
5106,3
804,3
988,3
93,3
5128,3
5055,3
30045,3
995,3
928,3
608,3
951,3
911,3
5071,3
5164,3
404,3
21,3
19,3
5132,3
956,3
953,3
913,3
604,3
36688,3
938,3
890,3
848,3
646,3
877,3
625,3
624,3
511,3
961,3
702,3
483,3
5251,3
959,3
5280,3
12,3
5054,3
670,3
927,3
5122,3
22,3
32316,3
36438,3
20280,3
36398,3
982,3
36515,3
36613,3
830,3
870,3
756,3
5030,3
5254,3
887,3
5041,3
401,3
36619,3
402,3
697,3
5250,3
36287,3
434,3
5199,3
5160,3
905,3
5062,3
36452,3
36684,3
813,2
83,2
5242,2
423,2
5118,2
894,2
32,2
932,2
827,2
521,2
520,2
5028,2
5187,2
869,2
36673,2
842,2
36607,2
20360,2
682,2
561,2
684,2
952,2
36689,2
431,2
462,2
548,2
831,2
5042,2
5155,2
855,2
626,2
856,2
645,2
650,2
513,2
644,2
59,2
43,2
970,2
5137,2
628,2
497,2
36601,2
425,2
126,2
95,2
14,2
5166,2
62,2
5077,2
5058,2
20064,2
36492,2
829,2
36612,2
765,2
20366,2
5162,2
633,2
631,2
314,2
20013,2
20547,2
36453,2
36667,2
20470,2
20544,2
20946,2
5223,2
5143,2
31898,2
36337,2
36412,2
5048,2
5076,2
36522,2
5039,2
5159,2
5281,2
413,2
31392,2
36368,2
36374,2
36459,2
36520,2
36280,2
36319,2
36335,2
36364,2
36428,2
36399,2
36410,2
36491,2
32320,2
36518,2
36541,2
36517,2
36524,2
36533,2
36513,2
36539,2
36540,2
653,2
5063,1
5064,1
5161,1
36333,1
36637,1
20173,1
36510,1
36639,1
5171,1
36692,1
36435,1
5049,1
5069,1
519,1
36670,1
805,1
801,1
896,1
70,1
824,1
672,1
20212,1
858,1
36615,1
124,1
156,1
601,1
36614,1
36442,1
36437,1
36606,1
405,1
30086,1
30088,1
30091,1
30092,1
30087,1
30089,1
30090,1
20181,1
36474,1
36587,1
20472,1
36402,1
36609,1
36675,1
36608,1
954,1
5101,1
125,1
850,1
822,1
857,1
849,1
652,1
36620,1
892,1
523,1
5082,1
845,1
20699,1
847,1
36548,1
36550,1
5253,1
5274,1
36602,1
36603,1
1001,1
36599,1
36600,1
36623,1
821,1
5252,1
864,1
5180,1
36596,1
36611,1
29,1
31,1
36708,1
897,1
31250,1
36403,1
5144,1
5279,1
859,1
36687,1
20282,1
36495,1
364,1
20061,1
5112,1
767,1
31400,1
36598,1
20137,1
20506,1
20505,1
20482,1
20907,1
20510,1
20469,1
20462,1
634,1
673,1
632,1
32005,1
643,1
5224,1
36691,1
20566,1
862,1
20071,1
935,1
20029,1
20564,1
36638,1
36633,1
36634,1
818,1
36451,1
36636,1
36635,1
20476,1
5057,1
140,1
863,1
20328,1
5184,1
20336,1
19911,1
32785,1
20835,1
20912,1
20344,1
36388,1
36529,1
36532,1
36462,1
20400,1
20395,1
20390,1
20393,1
5138,1
36408,1
19918,1
899,1
766,1
5079,1
36717,1
772,1
20055,1
5268,1
371,1
33036,1
816,1
5165,1
52,1
5034,1
403,1
908,1
438,1
32922,1
868,1
36469,1
36468,1
36455,1
36544,1
36367,1
835,1
36527,1
36460,1
31394,1
5141,1
408,1
5032,1
36384,1
30696,1
5198,1
69,1
934,1
99,1
36406,1
36461,1
436,1
440,1
150,1
32324,1
833,1
5066,1
36323,1
36386,1
36393,1
36409,1
36394,1
36703,1
32731,1
36704,1
36705,1
36681,1
36275,1
36519,1
36400,1
36278,1
36279,1
36273,1
36274,1
36407,1
36317,1
36311,1
36318,1
36325,1
36326,1
36329,1
36328,1
36327,1
36332,1
36330,1
36334,1
36336,1
36343,1
36352,1
36390,1
36345,1
36346,1
36356,1
36363,1
36365,1
36362,1
36369,1
36370,1
36411,1
36320,1
36413,1
36434,1
36439,1
36622,1
68,1
73,1
36450,1
36463,1
36457,1
36497,1
36482,1
36478,1
36476,1
36465,1
36488,1
36475,1
36472,1
36473,1
36466,1
36470,1
5065,1
36499,1
36471,1
36467,1
36508,1
32732,1
36523,1
394,1
396,1
36531,1
36530,1
36528,1
36547,1
36549,1
36553,1
36570,1
36582,1
36586,1
36589,1
36588,1
36594,1
36593,1
36565,1
36655,1
36650,1
36693,1
36679,1
36685,1
36686,1
36682,1
36683,1
36696,1
36697,1
36699,1
